UserID,Umur,Gender,Daerah,Kategori
U0001,67,P,Yogyakarta,Teknologi
U0002,39,P,Denpasar,Musik
U0003,31,P,Bogor,Kuliner
U0004,33,L,Pontianak,Olahraga
U0005,17,P,Bogor,Musik
U0006,58,P,Manado,Kuliner
U0007,33,P,Semarang,Travel
U0008,49,L,Palembang,Olahraga
U0009,50,P,Depok,Olahraga
U0010,63,P,Palembang,Musik
U0011,27,P,Batam,Edukasi
U0012,35,L,Palembang,Olahraga
U0013,42,L,Bekasi,Travel
U0014,20,P,Bekasi,Teknologi
U0015,31,L,Tangerang,Olahraga
U0016,24,P,Yogyakarta,Fashion
U0017,39,P,Medan,Game
U0018,36,L,Semarang,Musik
U0019,63,P,Bogor,Edukasi
U0020,60,L,Medan,Kuliner
U0021,65,P,Batam,Fashion
U0022,36,L,Padang,Film
U0023,43,L,Tangerang,Edukasi
U0024,73,P,Palembang,Olahraga
U0025,36,P,Manado,Musik
U0026,18,P,Pontianak,Edukasi
U0027,78,P,Depok,Film
U0028,42,P,Medan,Game
U0029,62,P,Batam,Film
U0030,17,P,Pontianak,Kuliner
U0031,48,L,Tangerang,Olahraga
U0032,51,P,Jakarta,Film
U0033,71,L,Bogor,Fashion
U0034,26,P,Medan,Game
U0035,46,P,Bogor,Edukasi
U0036,61,L,Batam,Musik
U0037,54,L,Medan,Teknologi
U0038,58,P,Pontianak,Game
U0039,55,L,Palembang,Fashion
U0040,34,P,Bandung,Teknologi
U0041,45,L,Bogor,Musik
U0042,32,L,Denpasar,Kuliner
U0043,67,P,Bogor,Film
U0044,26,L,Pontianak,Game
U0045,73,P,Bogor,Musik
U0046,40,L,Makassar,Teknologi
U0047,55,L,Tangerang,Musik
U0048,58,P,Depok,Musik
U0049,39,P,Bekasi,Game
U0050,55,L,Jakarta,Olahraga
U0051,18,L,Balikpapan,Musik
U0052,50,L,Denpasar,Game
U0053,67,P,Manado,Travel
U0054,21,P,Surabaya,Edukasi
U0055,19,L,Jakarta,Film
U0056,61,P,Semarang,Game
U0057,26,P,Bekasi,Film
U0058,24,P,Palembang,Kuliner
U0059,31,L,Manado,Olahraga
U0060,57,L,Bekasi,Game
U0061,72,L,Padang,Fashion
U0062,24,P,Makassar,Teknologi
U0063,27,P,Bekasi,Game
U0064,35,P,Batam,Teknologi
U0065,76,P,Manado,Edukasi
U0066,73,P,Jakarta,Travel
U0067,40,L,Denpasar,Musik
U0068,46,P,Balikpapan,Teknologi
U0069,34,P,Palembang,Game
U0070,66,P,Semarang,Travel
U0071,38,L,Bogor,Fashion
U0072,40,P,Makassar,Edukasi
U0073,60,L,Semarang,Teknologi
U0074,43,L,Batam,Olahraga
U0075,28,L,Bogor,Olahraga
U0076,61,P,Bogor,Travel
U0077,57,P,Yogyakarta,Travel
U0078,71,L,Palembang,Musik
U0079,56,P,Manado,Fashion
U0080,59,P,Tangerang,Kuliner
U0081,29,P,Jakarta,Musik
U0082,62,L,Manado,Fashion
U0083,21,P,Depok,Game
U0084,53,P,Pontianak,Teknologi
U0085,34,L,Pontianak,Film
U0086,64,P,Jakarta,Travel
U0087,27,P,Bogor,Edukasi
U0088,35,L,Batam,Film
U0089,28,P,Medan,Fashion
U0090,17,L,Jakarta,Film
U0091,71,P,Depok,Edukasi
U0092,72,L,Balikpapan,Olahraga
U0093,32,P,Bandung,Musik
U0094,71,L,Yogyakarta,Olahraga
U0095,78,L,Bandung,Travel
U0096,66,L,Palembang,Game
U0097,19,L,Depok,Edukasi
U0098,25,L,Padang,Travel
U0099,21,P,Tangerang,Fashion
U0100,51,P,Balikpapan,Kuliner
U0101,54,P,Denpasar,Travel
U0102,76,L,Bandung,Edukasi
U0103,19,L,Denpasar,Edukasi
U0104,52,L,Balikpapan,Edukasi
U0105,71,L,Medan,Fashion
U0106,68,P,Bogor,Musik
U0107,28,L,Tangerang,Kuliner
U0108,26,L,Semarang,Teknologi
U0109,62,P,Semarang,Musik
U0110,21,L,Depok,Game
U0111,72,L,Pontianak,Film
U0112,52,P,Medan,Fashion
U0113,54,L,Semarang,Fashion
U0114,61,P,Denpasar,Game
U0115,52,P,Bekasi,Teknologi
U0116,34,L,Bandung,Game
U0117,58,P,Palembang,Film
U0118,54,L,Depok,Film
U0119,30,L,Bogor,Teknologi
U0120,45,L,Denpasar,Game
U0121,37,P,Bekasi,Olahraga
U0122,27,L,Bekasi,Edukasi
U0123,72,L,Bogor,Kuliner
U0124,38,P,Bogor,Edukasi
U0125,22,L,Padang,Olahraga
U0126,52,L,Balikpapan,Fashion
U0127,68,P,Pontianak,Musik
U0128,33,L,Pontianak,Edukasi
U0129,25,P,Pontianak,Game
U0130,74,P,Makassar,Fashion
U0131,76,P,Surabaya,Travel
U0132,76,L,Depok,Game
U0133,44,P,Tangerang,Edukasi
U0134,28,L,Denpasar,Kuliner
U0135,34,P,Denpasar,Film
U0136,71,L,Yogyakarta,Olahraga
U0137,28,P,Denpasar,Film
U0138,60,P,Depok,Teknologi
U0139,32,L,Bandung,Travel
U0140,59,L,Manado,Olahraga
U0141,64,P,Bekasi,Musik
U0142,63,L,Bandung,Musik
U0143,22,P,Pontianak,Kuliner
U0144,53,L,Semarang,Teknologi
U0145,58,P,Denpasar,Fashion
U0146,21,P,Surabaya,Kuliner
U0147,47,L,Surabaya,Film
U0148,25,L,Tangerang,Teknologi
U0149,72,L,Denpasar,Edukasi
U0150,26,P,Manado,Fashion
U0151,30,P,Bandung,Fashion
U0152,42,L,Palembang,Fashion
U0153,71,L,Medan,Edukasi
U0154,73,P,Bekasi,Teknologi
U0155,44,L,Jakarta,Travel
U0156,23,P,Medan,Kuliner
U0157,43,L,Batam,Kuliner
U0158,66,P,Semarang,Travel
U0159,45,L,Jakarta,Game
U0160,44,P,Semarang,Edukasi
U0161,79,P,Bogor,Kuliner
U0162,21,L,Jakarta,Musik
U0163,62,L,Tangerang,Musik
U0164,35,P,Surabaya,Teknologi
U0165,60,L,Palembang,Fashion
U0166,70,L,Yogyakarta,Game
U0167,27,L,Denpasar,Film
U0168,53,L,Bekasi,Fashion
U0169,39,P,Tangerang,Edukasi
U0170,75,P,Tangerang,Teknologi
U0171,32,P,Bekasi,Travel
U0172,23,P,Bogor,Travel
U0173,68,L,Palembang,Game
U0174,26,L,Yogyakarta,Game
U0175,76,L,Palembang,Kuliner
U0176,40,P,Balikpapan,Teknologi
U0177,50,P,Jakarta,Fashion
U0178,26,P,Bekasi,Travel
U0179,67,P,Jakarta,Game
U0180,80,P,Jakarta,Olahraga
U0181,32,P,Surabaya,Edukasi
U0182,66,P,Medan,Teknologi
U0183,25,L,Manado,Game
U0184,74,L,Semarang,Fashion
U0185,46,L,Bandung,Olahraga
U0186,52,L,Tangerang,Kuliner
U0187,17,P,Bogor,Film
U0188,27,P,Palembang,Game
U0189,55,L,Padang,Musik
U0190,20,P,Palembang,Musik
U0191,48,L,Bogor,Teknologi
U0192,34,P,Balikpapan,Kuliner
U0193,55,L,Denpasar,Fashion
U0194,78,L,Makassar,Film
U0195,46,P,Padang,Kuliner
U0196,44,P,Pontianak,Teknologi
U0197,35,P,Batam,Travel
U0198,52,P,Bogor,Teknologi
U0199,74,L,Batam,Teknologi
U0200,27,L,Balikpapan,Film
U0201,34,P,Depok,Musik
U0202,70,P,Semarang,Film
U0203,77,P,Pontianak,Musik
U0204,32,P,Denpasar,Travel
U0205,75,P,Jakarta,Fashion
U0206,68,L,Semarang,Teknologi
U0207,17,P,Makassar,Kuliner
U0208,51,P,Denpasar,Film
U0209,78,P,Semarang,Musik
U0210,44,P,Palembang,Kuliner
U0211,35,P,Surabaya,Musik
U0212,63,P,Denpasar,Kuliner
U0213,21,P,Bandung,Olahraga
U0214,56,L,Tangerang,Musik
U0215,47,L,Medan,Edukasi
U0216,54,P,Batam,Travel
U0217,37,L,Jakarta,Musik
U0218,78,P,Batam,Fashion
U0219,58,L,Batam,Teknologi
U0220,29,P,Tangerang,Teknologi
U0221,23,L,Medan,Teknologi
U0222,50,P,Manado,Game
U0223,26,L,Surabaya,Teknologi
U0224,22,P,Manado,Kuliner
U0225,46,P,Medan,Game
U0226,20,L,Surabaya,Game
U0227,17,L,Depok,Teknologi
U0228,68,L,Depok,Fashion
U0229,22,P,Palembang,Kuliner
U0230,23,L,Semarang,Game
U0231,35,L,Denpasar,Travel
U0232,49,P,Bandung,Fashion
U0233,57,P,Bandung,Edukasi
U0234,38,L,Batam,Game
U0235,42,L,Palembang,Game
U0236,18,P,Bogor,Edukasi
U0237,28,P,Manado,Teknologi
U0238,52,P,Pontianak,Travel
U0239,58,L,Padang,Fashion
U0240,72,L,Surabaya,Film
U0241,26,L,Bogor,Kuliner
U0242,25,P,Depok,Teknologi
U0243,29,L,Jakarta,Edukasi
U0244,70,P,Makassar,Olahraga
U0245,42,P,Tangerang,Fashion
U0246,54,P,Batam,Teknologi
U0247,73,L,Yogyakarta,Olahraga
U0248,48,P,Batam,Film
U0249,40,L,Bandung,Travel
U0250,39,P,Semarang,Film
U0251,26,P,Tangerang,Game
U0252,61,P,Balikpapan,Olahraga
U0253,36,L,Semarang,Game
U0254,43,L,Bekasi,Travel
U0255,21,P,Bekasi,Edukasi
U0256,19,L,Bogor,Fashion
U0257,28,L,Depok,Game
U0258,56,L,Bogor,Film
U0259,22,P,Depok,Travel
U0260,43,L,Palembang,Travel
U0261,42,P,Balikpapan,Kuliner
U0262,29,L,Yogyakarta,Travel
U0263,60,P,Padang,Musik
U0264,42,L,Bekasi,Fashion
U0265,65,L,Makassar,Travel
U0266,40,P,Balikpapan,Teknologi
U0267,30,P,Denpasar,Olahraga
U0268,63,L,Jakarta,Olahraga
U0269,57,P,Bogor,Game
U0270,19,L,Depok,Film
U0271,43,L,Bekasi,Teknologi
U0272,58,L,Jakarta,Edukasi
U0273,24,P,Bogor,Teknologi
U0274,68,P,Yogyakarta,Teknologi
U0275,74,P,Manado,Game
U0276,27,P,Pontianak,Olahraga
U0277,50,P,Padang,Film
U0278,74,P,Yogyakarta,Game
U0279,79,P,Denpasar,Teknologi
U0280,19,L,Jakarta,Travel
U0281,66,L,Pontianak,Film
U0282,56,L,Jakarta,Olahraga
U0283,41,L,Pontianak,Edukasi
U0284,28,L,Depok,Game
U0285,68,P,Bogor,Musik
U0286,36,L,Padang,Travel
U0287,74,P,Pontianak,Fashion
U0288,56,L,Makassar,Film
U0289,72,P,Medan,Game
U0290,19,L,Bandung,Game
U0291,46,P,Tangerang,Edukasi
U0292,75,L,Makassar,Film
U0293,80,P,Bogor,Edukasi
U0294,27,P,Bogor,Edukasi
U0295,40,P,Bogor,Travel
U0296,67,L,Surabaya,Teknologi
U0297,38,L,Pontianak,Film
U0298,66,P,Manado,Film
U0299,69,L,Surabaya,Fashion
U0300,67,P,Semarang,Fashion
U0301,79,L,Bogor,Fashion
U0302,21,P,Medan,Fashion
U0303,22,P,Yogyakarta,Olahraga
U0304,52,L,Medan,Kuliner
U0305,60,L,Manado,Kuliner
U0306,41,L,Yogyakarta,Olahraga
U0307,51,P,Bekasi,Edukasi
U0308,59,L,Palembang,Fashion
U0309,55,P,Padang,Film
U0310,58,P,Batam,Kuliner
U0311,66,L,Bogor,Teknologi
U0312,45,L,Tangerang,Edukasi
U0313,72,P,Makassar,Olahraga
U0314,37,P,Bekasi,Olahraga
U0315,33,L,Makassar,Kuliner
U0316,30,P,Jakarta,Teknologi
U0317,62,P,Balikpapan,Teknologi
U0318,62,P,Palembang,Fashion
U0319,26,L,Balikpapan,Edukasi
U0320,55,P,Yogyakarta,Edukasi
U0321,23,L,Medan,Kuliner
U0322,33,L,Bogor,Fashion
U0323,48,P,Palembang,Musik
U0324,49,P,Tangerang,Teknologi
U0325,20,L,Pontianak,Edukasi
U0326,37,L,Palembang,Game
U0327,36,P,Makassar,Edukasi
U0328,79,L,Makassar,Kuliner
U0329,74,L,Manado,Film
U0330,24,L,Bandung,Film
U0331,17,P,Denpasar,Film
U0332,60,P,Bogor,Teknologi
U0333,51,P,Yogyakarta,Game
U0334,51,L,Padang,Film
U0335,49,P,Padang,Travel
U0336,52,L,Denpasar,Olahraga
U0337,21,P,Bekasi,Teknologi
U0338,34,L,Palembang,Film
U0339,47,L,Jakarta,Fashion
U0340,72,P,Bogor,Film
U0341,29,L,Yogyakarta,Teknologi
U0342,72,P,Surabaya,Edukasi
U0343,73,P,Denpasar,Edukasi
U0344,18,P,Padang,Olahraga
U0345,80,L,Batam,Film
U0346,19,P,Tangerang,Fashion
U0347,66,P,Makassar,Fashion
U0348,21,L,Padang,Travel
U0349,63,P,Denpasar,Musik
U0350,44,L,Denpasar,Olahraga
U0351,49,L,Bekasi,Film
U0352,68,P,Denpasar,Game
U0353,27,L,Medan,Travel
U0354,31,L,Manado,Fashion
U0355,51,P,Balikpapan,Kuliner
U0356,58,P,Semarang,Kuliner
U0357,27,L,Bandung,Kuliner
U0358,56,L,Palembang,Teknologi
U0359,55,L,Manado,Edukasi
U0360,70,L,Padang,Film
U0361,74,L,Makassar,Film
U0362,70,L,Semarang,Musik
U0363,27,P,Depok,Film
U0364,41,L,Manado,Edukasi
U0365,55,L,Jakarta,Film
U0366,78,L,Yogyakarta,Game
U0367,28,P,Medan,Game
U0368,56,P,Manado,Teknologi
U0369,71,L,Makassar,Musik
U0370,51,P,Depok,Travel
U0371,74,P,Tangerang,Game
U0372,23,P,Makassar,Kuliner
U0373,78,P,Bandung,Olahraga
U0374,70,L,Balikpapan,Fashion
U0375,29,L,Makassar,Kuliner
U0376,46,L,Denpasar,Kuliner
U0377,39,P,Bekasi,Teknologi
U0378,43,P,Balikpapan,Edukasi
U0379,64,L,Batam,Musik
U0380,25,L,Bekasi,Kuliner
U0381,76,P,Semarang,Musik
U0382,72,L,Depok,Olahraga
U0383,40,L,Bogor,Edukasi
U0384,36,L,Padang,Edukasi
U0385,52,L,Jakarta,Game
U0386,28,L,Batam,Musik
U0387,48,L,Manado,Travel
U0388,67,L,Manado,Teknologi
U0389,31,P,Bekasi,Olahraga
U0390,22,P,Balikpapan,Kuliner
U0391,70,P,Bekasi,Fashion
U0392,48,P,Bekasi,Travel
U0393,58,L,Batam,Musik
U0394,40,L,Palembang,Olahraga
U0395,66,L,Bekasi,Olahraga
U0396,53,L,Tangerang,Edukasi
U0397,51,P,Padang,Game
U0398,41,P,Depok,Teknologi
U0399,35,P,Denpasar,Kuliner
U0400,67,L,Bekasi,Fashion
U0401,27,L,Tangerang,Edukasi
U0402,51,P,Depok,Olahraga
U0403,80,P,Yogyakarta,Film
U0404,47,L,Tangerang,Kuliner
U0405,67,P,Denpasar,Kuliner
U0406,78,L,Batam,Travel
U0407,30,L,Bogor,Film
U0408,66,P,Medan,Musik
U0409,21,L,Depok,Fashion
U0410,64,P,Depok,Game
U0411,41,L,Makassar,Travel
U0412,59,L,Semarang,Teknologi
U0413,55,P,Bekasi,Musik
U0414,60,P,Medan,Kuliner
U0415,65,L,Tangerang,Olahraga
U0416,70,L,Pontianak,Film
U0417,36,P,Surabaya,Kuliner
U0418,24,L,Jakarta,Edukasi
U0419,56,P,Semarang,Olahraga
U0420,68,L,Depok,Travel
U0421,73,P,Manado,Film
U0422,62,L,Palembang,Musik
U0423,62,P,Semarang,Teknologi
U0424,25,L,Medan,Travel
U0425,44,L,Bekasi,Film
U0426,59,P,Surabaya,Kuliner
U0427,24,P,Makassar,Olahraga
U0428,39,P,Jakarta,Edukasi
U0429,48,L,Manado,Game
U0430,73,L,Palembang,Teknologi
U0431,40,L,Manado,Game
U0432,28,L,Manado,Travel
U0433,70,L,Pontianak,Fashion
U0434,28,P,Batam,Game
U0435,73,L,Batam,Olahraga
U0436,64,P,Semarang,Game
U0437,42,P,Denpasar,Travel
U0438,61,L,Balikpapan,Travel
U0439,79,P,Semarang,Kuliner
U0440,58,P,Balikpapan,Film
U0441,35,L,Tangerang,Edukasi
U0442,62,P,Medan,Game
U0443,56,L,Medan,Film
U0444,67,L,Denpasar,Fashion
U0445,66,P,Medan,Travel
U0446,51,L,Denpasar,Travel
U0447,19,L,Bogor,Olahraga
U0448,59,L,Balikpapan,Kuliner
U0449,39,L,Tangerang,Film
U0450,23,L,Palembang,Travel
U0451,74,P,Depok,Olahraga
U0452,28,P,Denpasar,Film
U0453,77,L,Palembang,Film
U0454,37,P,Balikpapan,Teknologi
U0455,72,P,Depok,Fashion
U0456,64,L,Denpasar,Kuliner
U0457,58,L,Padang,Game
U0458,61,L,Bekasi,Game
U0459,56,L,Palembang,Film
U0460,38,P,Manado,Teknologi
U0461,74,P,Makassar,Teknologi
U0462,54,P,Makassar,Edukasi
U0463,32,L,Tangerang,Travel
U0464,77,L,Tangerang,Olahraga
U0465,47,L,Palembang,Film
U0466,39,P,Bekasi,Film
U0467,40,P,Bandung,Travel
U0468,63,P,Makassar,Fashion
U0469,42,P,Bandung,Fashion
U0470,73,L,Bekasi,Kuliner
U0471,44,P,Batam,Olahraga
U0472,80,P,Balikpapan,Olahraga
U0473,55,L,Bogor,Olahraga
U0474,26,L,Semarang,Olahraga
U0475,44,L,Jakarta,Film
U0476,73,P,Pontianak,Musik
U0477,60,P,Bogor,Game
U0478,43,L,Medan,Edukasi
U0479,74,L,Denpasar,Game
U0480,38,L,Yogyakarta,Travel
U0481,67,L,Tangerang,Travel
U0482,76,P,Palembang,Fashion
U0483,24,L,Balikpapan,Film
U0484,63,P,Balikpapan,Teknologi
U0485,39,L,Semarang,Musik
U0486,80,L,Medan,Olahraga
U0487,72,L,Batam,Travel
U0488,80,P,Bandung,Olahraga
U0489,72,P,Balikpapan,Fashion
U0490,75,P,Denpasar,Fashion
U0491,37,P,Balikpapan,Olahraga
U0492,32,P,Medan,Edukasi
U0493,54,L,Bandung,Travel
U0494,59,P,Bandung,Musik
U0495,58,P,Bandung,Kuliner
U0496,52,L,Denpasar,Film
U0497,23,L,Balikpapan,Musik
U0498,17,P,Bogor,Kuliner
U0499,60,P,Medan,Fashion
U0500,76,P,Batam,Edukasi
U0501,45,P,Bandung,Olahraga
U0502,21,P,Yogyakarta,Game
U0503,66,L,Yogyakarta,Fashion
U0504,24,L,Bandung,Musik
U0505,47,L,Bogor,Olahraga
U0506,73,L,Manado,Musik
U0507,29,L,Bandung,Edukasi
U0508,58,P,Jakarta,Olahraga
U0509,74,L,Depok,Game
U0510,38,P,Bandung,Travel
U0511,19,L,Medan,Olahraga
U0512,38,L,Bekasi,Film
U0513,43,P,Semarang,Travel
U0514,25,L,Yogyakarta,Fashion
U0515,54,L,Surabaya,Musik
U0516,77,L,Manado,Game
U0517,59,P,Manado,Game
U0518,65,P,Bandung,Game
U0519,77,L,Manado,Musik
U0520,63,P,Tangerang,Teknologi
U0521,74,P,Surabaya,Edukasi
U0522,67,P,Bogor,Fashion
U0523,38,L,Depok,Fashion
U0524,30,L,Balikpapan,Film
U0525,58,P,Makassar,Kuliner
U0526,19,P,Tangerang,Fashion
U0527,69,P,Padang,Musik
U0528,49,P,Makassar,Game
U0529,27,L,Depok,Edukasi
U0530,50,P,Palembang,Kuliner
U0531,66,P,Jakarta,Edukasi
U0532,40,P,Pontianak,Edukasi
U0533,41,P,Bandung,Film
U0534,52,L,Batam,Travel
U0535,50,L,Pontianak,Edukasi
U0536,37,P,Medan,Teknologi
U0537,30,L,Balikpapan,Game
U0538,70,L,Batam,Edukasi
U0539,64,L,Semarang,Edukasi
U0540,25,P,Surabaya,Olahraga
U0541,24,L,Medan,Edukasi
U0542,80,P,Padang,Film
U0543,66,L,Padang,Teknologi
U0544,34,L,Padang,Game
U0545,64,P,Yogyakarta,Film
U0546,53,L,Pontianak,Game
U0547,23,L,Jakarta,Game
U0548,50,L,Makassar,Musik
U0549,62,L,Makassar,Edukasi
U0550,23,L,Bekasi,Travel
U0551,55,L,Makassar,Teknologi
U0552,40,L,Tangerang,Film
U0553,28,P,Denpasar,Edukasi
U0554,29,P,Jakarta,Kuliner
U0555,79,P,Manado,Fashion
U0556,64,P,Batam,Musik
U0557,61,P,Balikpapan,Travel
U0558,44,P,Surabaya,Kuliner
U0559,72,L,Bandung,Edukasi
U0560,76,P,Palembang,Musik
U0561,73,P,Jakarta,Kuliner
U0562,48,P,Denpasar,Game
U0563,75,L,Depok,Olahraga
U0564,59,L,Bekasi,Teknologi
U0565,77,L,Bekasi,Film
U0566,20,L,Surabaya,Fashion
U0567,35,L,Bogor,Olahraga
U0568,43,P,Balikpapan,Film
U0569,58,L,Depok,Teknologi
U0570,79,P,Pontianak,Teknologi
U0571,42,P,Makassar,Musik
U0572,46,L,Surabaya,Game
U0573,17,P,Pontianak,Edukasi
U0574,61,L,Jakarta,Film
U0575,39,L,Pontianak,Game
U0576,77,L,Tangerang,Edukasi
U0577,34,L,Batam,Film
U0578,75,L,Denpasar,Travel
U0579,70,P,Yogyakarta,Film
U0580,24,L,Batam,Film
U0581,42,P,Bekasi,Olahraga
U0582,54,L,Manado,Edukasi
U0583,61,L,Bandung,Game
U0584,55,L,Semarang,Kuliner
U0585,42,P,Denpasar,Travel
U0586,57,L,Medan,Teknologi
U0587,74,P,Bogor,Teknologi
U0588,31,P,Medan,Fashion
U0589,77,P,Medan,Travel
U0590,66,L,Semarang,Olahraga
U0591,39,L,Bekasi,Fashion
U0592,24,P,Manado,Travel
U0593,72,P,Bandung,Film
U0594,78,L,Balikpapan,Travel
U0595,66,P,Medan,Edukasi
U0596,67,P,Jakarta,Musik
U0597,55,P,Palembang,Film
U0598,72,P,Balikpapan,Olahraga
U0599,63,L,Jakarta,Travel
U0600,31,L,Batam,Travel
U0601,68,L,Pontianak,Edukasi
U0602,24,P,Pontianak,Travel
U0603,73,L,Palembang,Fashion
U0604,20,L,Yogyakarta,Teknologi
U0605,49,P,Jakarta,Game
U0606,67,L,Bandung,Game
U0607,76,P,Denpasar,Olahraga
U0608,35,P,Jakarta,Film
U0609,53,P,Bogor,Edukasi
U0610,68,P,Yogyakarta,Edukasi
U0611,62,L,Balikpapan,Edukasi
U0612,22,L,Balikpapan,Fashion
U0613,17,L,Padang,Game
U0614,54,L,Makassar,Film
U0615,48,P,Makassar,Travel
U0616,56,P,Medan,Film
U0617,41,L,Tangerang,Musik
U0618,40,L,Jakarta,Edukasi
U0619,28,P,Tangerang,Travel
U0620,78,L,Bandung,Film
U0621,25,L,Tangerang,Kuliner
U0622,33,L,Makassar,Teknologi
U0623,28,L,Jakarta,Teknologi
U0624,77,P,Bekasi,Musik
U0625,74,P,Palembang,Olahraga
U0626,66,P,Yogyakarta,Edukasi
U0627,43,L,Pontianak,Film
U0628,74,P,Balikpapan,Film
U0629,27,L,Jakarta,Edukasi
U0630,29,P,Jakarta,Olahraga
U0631,76,L,Makassar,Film
U0632,53,L,Balikpapan,Musik
U0633,49,L,Balikpapan,Olahraga
U0634,17,P,Yogyakarta,Kuliner
U0635,60,L,Batam,Game
U0636,18,P,Padang,Olahraga
U0637,40,P,Bekasi,Teknologi
U0638,40,P,Medan,Film
U0639,70,P,Makassar,Fashion
U0640,80,P,Balikpapan,Travel
U0641,54,L,Makassar,Fashion
U0642,20,L,Denpasar,Edukasi
U0643,42,L,Depok,Musik
U0644,64,L,Palembang,Game
U0645,66,P,Pontianak,Film
U0646,37,P,Semarang,Game
U0647,40,L,Depok,Edukasi
U0648,56,P,Pontianak,Teknologi
U0649,17,L,Bekasi,Game
U0650,27,P,Padang,Musik
U0651,69,P,Depok,Game
U0652,41,L,Manado,Teknologi
U0653,58,P,Yogyakarta,Travel
U0654,74,L,Palembang,Film
U0655,27,L,Depok,Fashion
U0656,30,P,Semarang,Musik
U0657,31,L,Manado,Teknologi
U0658,38,L,Batam,Kuliner
U0659,48,P,Palembang,Olahraga
U0660,68,L,Bekasi,Musik
U0661,66,L,Batam,Teknologi
U0662,48,L,Medan,Kuliner
U0663,25,P,Batam,Travel
U0664,45,L,Padang,Film
U0665,38,P,Pontianak,Edukasi
U0666,54,L,Batam,Film
U0667,62,P,Manado,Olahraga
U0668,72,P,Depok,Game
U0669,44,P,Pontianak,Edukasi
U0670,77,L,Surabaya,Edukasi
U0671,31,P,Pontianak,Game
U0672,71,L,Depok,Film
U0673,73,P,Bekasi,Game
U0674,38,P,Medan,Game
U0675,50,P,Batam,Musik
U0676,63,P,Yogyakarta,Olahraga
U0677,29,P,Jakarta,Edukasi
U0678,40,P,Bogor,Edukasi
U0679,73,P,Jakarta,Musik
U0680,22,P,Padang,Travel
U0681,33,L,Pontianak,Kuliner
U0682,47,P,Bekasi,Musik
U0683,39,L,Denpasar,Fashion
U0684,53,L,Manado,Edukasi
U0685,51,L,Depok,Teknologi
U0686,76,L,Bekasi,Film
U0687,43,L,Manado,Teknologi
U0688,78,L,Balikpapan,Film
U0689,67,P,Bekasi,Game
U0690,48,P,Bogor,Game
U0691,58,L,Jakarta,Musik
U0692,31,P,Palembang,Travel
U0693,49,P,Batam,Travel
U0694,34,L,Palembang,Edukasi
U0695,44,P,Tangerang,Fashion
U0696,26,L,Yogyakarta,Game
U0697,75,P,Semarang,Kuliner
U0698,67,P,Bandung,Game
U0699,21,P,Jakarta,Edukasi
U0700,42,L,Medan,Travel
U0701,43,P,Semarang,Musik
U0702,64,L,Padang,Musik
U0703,79,L,Bogor,Edukasi
U0704,21,P,Padang,Kuliner
U0705,44,P,Bogor,Fashion
U0706,57,L,Bogor,Teknologi
U0707,64,P,Semarang,Teknologi
U0708,36,P,Bekasi,Teknologi
U0709,26,L,Batam,Travel
U0710,44,P,Surabaya,Olahraga
U0711,17,P,Palembang,Olahraga
U0712,26,P,Yogyakarta,Kuliner
U0713,71,P,Batam,Kuliner
U0714,24,P,Depok,Musik
U0715,44,L,Batam,Musik
U0716,51,L,Palembang,Film
U0717,36,L,Medan,Game
U0718,74,L,Bogor,Kuliner
U0719,53,P,Depok,Fashion
U0720,21,P,Surabaya,Travel
U0721,64,L,Balikpapan,Kuliner
U0722,33,P,Pontianak,Edukasi
U0723,47,L,Yogyakarta,Teknologi
U0724,76,P,Makassar,Kuliner
U0725,33,P,Pontianak,Edukasi
U0726,78,L,Jakarta,Edukasi
U0727,51,P,Denpasar,Edukasi
U0728,31,L,Balikpapan,Film
U0729,26,L,Makassar,Fashion
U0730,69,P,Manado,Musik
U0731,44,L,Bogor,Musik
U0732,65,L,Bogor,Kuliner
U0733,64,P,Balikpapan,Fashion
U0734,53,L,Padang,Fashion
U0735,31,L,Makassar,Edukasi
U0736,36,P,Balikpapan,Travel
U0737,17,P,Tangerang,Teknologi
U0738,76,L,Palembang,Fashion
U0739,48,P,Bandung,Fashion
U0740,79,P,Denpasar,Olahraga
U0741,26,L,Medan,Olahraga
U0742,27,P,Yogyakarta,Fashion
U0743,48,L,Yogyakarta,Game
U0744,80,P,Bekasi,Teknologi
U0745,60,P,Bekasi,Teknologi
U0746,68,P,Tangerang,Film
U0747,31,P,Bogor,Film
U0748,43,L,Surabaya,Olahraga
U0749,49,L,Padang,Teknologi
U0750,59,L,Denpasar,Musik
U0751,64,L,Denpasar,Fashion
U0752,62,L,Palembang,Teknologi
U0753,54,L,Bekasi,Kuliner
U0754,25,L,Medan,Musik
U0755,18,P,Bogor,Musik
U0756,75,L,Denpasar,Film
U0757,67,L,Surabaya,Kuliner
U0758,20,P,Makassar,Fashion
U0759,67,L,Batam,Teknologi
U0760,19,L,Balikpapan,Edukasi
U0761,19,L,Batam,Travel
U0762,72,L,Jakarta,Film
U0763,47,P,Surabaya,Game
U0764,54,P,Padang,Edukasi
U0765,51,P,Surabaya,Teknologi
U0766,35,P,Depok,Musik
U0767,39,P,Surabaya,Edukasi
U0768,70,L,Makassar,Fashion
U0769,33,L,Makassar,Musik
U0770,78,P,Padang,Fashion
U0771,71,P,Manado,Game
U0772,49,P,Palembang,Travel
U0773,22,L,Jakarta,Edukasi
U0774,72,L,Tangerang,Travel
U0775,58,L,Balikpapan,Olahraga
U0776,18,L,Padang,Edukasi
U0777,34,P,Bekasi,Musik
U0778,34,P,Balikpapan,Musik
U0779,20,P,Denpasar,Travel
U0780,20,P,Yogyakarta,Travel
U0781,67,P,Yogyakarta,Teknologi
U0782,58,L,Medan,Fashion
U0783,19,P,Makassar,Olahraga
U0784,33,P,Tangerang,Kuliner
U0785,57,L,Bandung,Teknologi
U0786,20,P,Bandung,Travel
U0787,40,L,Bandung,Game
U0788,44,L,Makassar,Teknologi
U0789,58,P,Palembang,Edukasi
U0790,54,L,Pontianak,Teknologi
U0791,30,L,Padang,Edukasi
U0792,78,P,Bogor,Travel
U0793,53,L,Palembang,Teknologi
U0794,75,P,Batam,Edukasi
U0795,57,L,Surabaya,Fashion
U0796,34,L,Batam,Edukasi
U0797,43,L,Tangerang,Olahraga
U0798,29,P,Palembang,Teknologi
U0799,57,P,Pontianak,Kuliner
U0800,58,L,Jakarta,Travel
U0801,53,P,Bogor,Teknologi
U0802,65,L,Semarang,Teknologi
U0803,38,P,Bogor,Fashion
U0804,47,L,Pontianak,Teknologi
U0805,33,L,Semarang,Olahraga
U0806,27,P,Batam,Musik
U0807,17,L,Bekasi,Musik
U0808,21,P,Tangerang,Olahraga
U0809,79,L,Pontianak,Kuliner
U0810,34,L,Jakarta,Kuliner
U0811,36,P,Padang,Kuliner
U0812,69,L,Semarang,Kuliner
U0813,59,P,Tangerang,Musik
U0814,24,L,Bekasi,Game
U0815,69,L,Denpasar,Musik
U0816,30,P,Tangerang,Musik
U0817,59,P,Semarang,Travel
U0818,77,L,Makassar,Teknologi
U0819,48,P,Jakarta,Edukasi
U0820,26,P,Palembang,Musik
U0821,75,P,Tangerang,Musik
U0822,80,L,Bekasi,Musik
U0823,64,P,Palembang,Musik
U0824,30,L,Surabaya,Travel
U0825,28,P,Denpasar,Fashion
U0826,71,P,Batam,Teknologi
U0827,38,L,Makassar,Teknologi
U0828,75,P,Yogyakarta,Game
U0829,78,L,Yogyakarta,Fashion
U0830,17,L,Padang,Edukasi
U0831,34,P,Batam,Film
U0832,67,L,Medan,Kuliner
U0833,69,L,Medan,Kuliner
U0834,67,P,Bandung,Fashion
U0835,21,P,Depok,Kuliner
U0836,51,P,Tangerang,Olahraga
U0837,57,L,Jakarta,Travel
U0838,21,L,Batam,Olahraga
U0839,28,L,Batam,Film
U0840,44,P,Bekasi,Edukasi
U0841,53,P,Batam,Musik
U0842,70,P,Depok,Musik
U0843,18,L,Bandung,Musik
U0844,49,L,Palembang,Teknologi
U0845,33,L,Depok,Travel
U0846,61,L,Bekasi,Game
U0847,17,L,Manado,Musik
U0848,29,L,Batam,Teknologi
U0849,28,P,Surabaya,Game
U0850,58,L,Tangerang,Game
U0851,20,L,Bandung,Travel
U0852,79,P,Manado,Film
U0853,67,L,Surabaya,Travel
U0854,18,L,Bandung,Film
U0855,18,P,Medan,Game
U0856,44,L,Bogor,Musik
U0857,29,L,Batam,Kuliner
U0858,64,P,Yogyakarta,Film
U0859,26,P,Medan,Musik
U0860,64,P,Balikpapan,Kuliner
U0861,46,L,Depok,Kuliner
U0862,17,L,Yogyakarta,Travel
U0863,28,L,Makassar,Kuliner
U0864,63,L,Balikpapan,Teknologi
U0865,62,L,Tangerang,Film
U0866,77,P,Medan,Film
U0867,26,L,Denpasar,Edukasi
U0868,38,L,Yogyakarta,Fashion
U0869,21,L,Bekasi,Edukasi
U0870,29,L,Denpasar,Travel
U0871,55,L,Tangerang,Olahraga
U0872,35,P,Jakarta,Edukasi
U0873,74,P,Tangerang,Travel
U0874,36,P,Surabaya,Musik
U0875,70,P,Pontianak,Film
U0876,54,P,Makassar,Olahraga
U0877,59,P,Manado,Olahraga
U0878,71,L,Palembang,Fashion
U0879,22,L,Batam,Musik
U0880,80,L,Padang,Teknologi
U0881,43,L,Medan,Kuliner
U0882,58,L,Batam,Game
U0883,78,P,Padang,Musik
U0884,66,P,Surabaya,Fashion
U0885,39,L,Bandung,Film
U0886,28,L,Manado,Olahraga
U0887,61,P,Bandung,Edukasi
U0888,71,L,Medan,Film
U0889,28,P,Pontianak,Musik
U0890,37,P,Depok,Olahraga
U0891,36,P,Pontianak,Film
U0892,58,L,Batam,Kuliner
U0893,23,L,Jakarta,Game
U0894,70,L,Pontianak,Teknologi
U0895,26,L,Manado,Game
U0896,28,L,Jakarta,Fashion
U0897,55,L,Depok,Edukasi
U0898,43,P,Surabaya,Film
U0899,71,P,Bandung,Kuliner
U0900,26,L,Bekasi,Travel
U0901,69,P,Batam,Game
U0902,61,L,Batam,Olahraga
U0903,31,P,Batam,Musik
U0904,75,P,Tangerang,Edukasi
U0905,18,P,Palembang,Musik
U0906,53,P,Bogor,Game
U0907,48,L,Batam,Musik
U0908,23,L,Surabaya,Fashion
U0909,75,P,Yogyakarta,Film
U0910,68,P,Bogor,Film
U0911,68,P,Jakarta,Teknologi
U0912,29,L,Pontianak,Fashion
U0913,80,P,Makassar,Fashion
U0914,80,P,Batam,Game
U0915,63,L,Denpasar,Game
U0916,48,L,Padang,Edukasi
U0917,19,L,Depok,Fashion
U0918,36,L,Balikpapan,Travel
U0919,20,P,Tangerang,Olahraga
U0920,42,P,Surabaya,Fashion
U0921,73,L,Denpasar,Game
U0922,79,L,Manado,Fashion
U0923,19,L,Depok,Olahraga
U0924,66,L,Bogor,Fashion
U0925,54,L,Batam,Edukasi
U0926,47,P,Denpasar,Travel
U0927,45,L,Jakarta,Film
U0928,42,L,Semarang,Kuliner
U0929,28,L,Pontianak,Kuliner
U0930,20,P,Denpasar,Fashion
U0931,28,L,Bogor,Olahraga
U0932,79,L,Semarang,Fashion
U0933,72,L,Makassar,Kuliner
U0934,77,L,Surabaya,Game
U0935,70,L,Tangerang,Fashion
U0936,76,L,Pontianak,Fashion
U0937,71,L,Tangerang,Fashion
U0938,28,P,Pontianak,Fashion
U0939,37,P,Medan,Musik
U0940,20,P,Surabaya,Travel
U0941,66,L,Manado,Travel
U0942,29,L,Bekasi,Kuliner
U0943,71,L,Yogyakarta,Film
U0944,30,L,Jakarta,Kuliner
U0945,24,L,Balikpapan,Olahraga
U0946,24,P,Manado,Teknologi
U0947,46,L,Denpasar,Olahraga
U0948,56,P,Batam,Film
U0949,54,P,Semarang,Edukasi
U0950,66,L,Manado,Teknologi
U0951,19,L,Yogyakarta,Game
U0952,53,P,Semarang,Kuliner
U0953,57,L,Palembang,Game
U0954,78,P,Makassar,Olahraga
U0955,23,L,Medan,Kuliner
U0956,58,P,Pontianak,Musik
U0957,40,P,Jakarta,Game
U0958,42,L,Bekasi,Olahraga
U0959,34,L,Surabaya,Travel
U0960,66,L,Pontianak,Kuliner
U0961,41,P,Padang,Game
U0962,40,L,Denpasar,Kuliner
U0963,31,P,Batam,Olahraga
U0964,80,L,Yogyakarta,Kuliner
U0965,36,P,Depok,Film
U0966,58,P,Semarang,Game
U0967,27,L,Palembang,Edukasi
U0968,78,P,Palembang,Edukasi
U0969,35,L,Depok,Musik
U0970,39,P,Palembang,Kuliner
U0971,65,P,Depok,Edukasi
U0972,24,P,Tangerang,Kuliner
U0973,26,L,Manado,Olahraga
U0974,20,P,Denpasar,Musik
U0975,31,P,Tangerang,Film
U0976,56,L,Pontianak,Edukasi
U0977,42,P,Jakarta,Game
U0978,52,P,Depok,Fashion
U0979,28,P,Jakarta,Kuliner
U0980,46,L,Depok,Teknologi
U0981,51,P,Balikpapan,Kuliner
U0982,30,L,Bandung,Film
U0983,32,P,Balikpapan,Travel
U0984,28,P,Manado,Olahraga
U0985,66,L,Denpasar,Travel
U0986,74,P,Bogor,Edukasi
U0987,37,L,Semarang,Kuliner
U0988,55,P,Semarang,Musik
U0989,46,P,Bekasi,Film
U0990,47,L,Tangerang,Musik
U0991,67,L,Padang,Travel
U0992,23,P,Balikpapan,Film
U0993,53,L,Makassar,Edukasi
U0994,50,L,Batam,Musik
U0995,18,L,Padang,Kuliner
U0996,44,L,Yogyakarta,Travel
U0997,41,L,Denpasar,Edukasi
U0998,59,P,Bekasi,Film
U0999,17,L,Semarang,Teknologi
U1000,45,P,Surabaya,Travel
U1001,76,L,Makassar,Kuliner
U1002,38,L,Bogor,Teknologi
U1003,62,P,Yogyakarta,Teknologi
U1004,55,L,Semarang,Olahraga
U1005,23,L,Makassar,Musik
U1006,27,P,Padang,Travel
U1007,68,L,Padang,Kuliner
U1008,28,P,Batam,Travel
U1009,74,P,Yogyakarta,Film
U1010,47,L,Manado,Game
U1011,69,L,Tangerang,Game
U1012,77,L,Bogor,Musik
U1013,66,L,Denpasar,Olahraga
U1014,50,P,Bogor,Teknologi
U1015,48,P,Jakarta,Musik
U1016,80,P,Batam,Olahraga
U1017,72,P,Medan,Teknologi
U1018,43,P,Medan,Film
U1019,63,L,Medan,Film
U1020,53,L,Batam,Kuliner
U1021,45,P,Tangerang,Musik
U1022,53,L,Balikpapan,Game
U1023,32,P,Tangerang,Edukasi
U1024,33,L,Medan,Fashion
